{"Logistic Regression": {"Accuracy": 93.58, "Precision": 93.58, "Recall": 93.58, "F1 Score": 93.58}, "Decision Tree": {"Accuracy": 50.91, "Precision": 50.91, "Recall": 50.91, "F1 Score": 50.91}, "Random Forest": {"Accuracy": 92.85, "Precision": 92.85, "Recall": 92.85, "F1 Score": 92.85}, "Naive Bayes": {"Accuracy": 88.55, "Precision": 88.55, "Recall": 88.55, "F1 Score": 88.55}, "KNN": {"Accuracy": 82.12, "Precision": 82.12, "Recall": 82.12, "F1 Score": 82.12}, "Linear SVM": {"Accuracy": 91.94, "Precision": 91.94, "Recall": 91.94, "F1 Score": 91.94}, "Kernel SVM": {"Accuracy": 92.78999999999999, "Precision": 92.78999999999999, "Recall": 92.78999999999999, "F1 Score": 92.78999999999999}, "SGD": {"Accuracy": 93.82000000000001, "Precision": 93.82000000000001, "Recall": 93.82000000000001, "F1 Score": 93.82000000000001}}