{"Logistic Regression": {"Accuracy": 92.97, "Precision": 92.97, "Recall": 92.97, "F1 Score": 92.97}, "Decision Tree": {"Accuracy": 50.91, "Precision": 50.91, "Recall": 50.91, "F1 Score": 50.91}, "Random Forest": {"Accuracy": 92.67, "Precision": 92.67, "Recall": 92.67, "F1 Score": 92.67}, "Naive Bayes": {"Accuracy": 85.94000000000001, "Precision": 85.94000000000001, "Recall": 85.94000000000001, "F1 Score": 85.94000000000001}, "KNN": {"Accuracy": 85.39, "Precision": 85.39, "Recall": 85.39, "F1 Score": 85.39}, "Linear SVM": {"Accuracy": 90.06, "Precision": 90.06, "Recall": 90.06, "F1 Score": 90.06}, "Kernel SVM": {"Accuracy": 90.61, "Precision": 90.61, "Recall": 90.61, "F1 Score": 90.61}, "SGD": {"Accuracy": 93.15, "Precision": 93.15, "Recall": 93.15, "F1 Score": 93.15}}