{"Logistic Regression": {"Accuracy": 74.72999999999999, "Precision": 74.72999999999999, "Recall": 74.72999999999999, "F1 Score": 74.72999999999999}, "Decision Tree": {"Accuracy": 49.39, "Precision": 49.39, "Recall": 49.39, "F1 Score": 49.39}, "Random Forest": {"Accuracy": 74.91, "Precision": 74.91, "Recall": 74.91, "F1 Score": 74.91}, "Naive Bayes": {"Accuracy": 73.88, "Precision": 73.88, "Recall": 73.88, "F1 Score": 73.88}, "KNN": {"Accuracy": 65.94, "Precision": 65.94, "Recall": 65.94, "F1 Score": 65.94}, "Linear SVM": {"Accuracy": 72.3, "Precision": 72.3, "Recall": 72.3, "F1 Score": 72.3}, "Kernel SVM": {"Accuracy": 72.36, "Precision": 72.36, "Recall": 72.36, "F1 Score": 72.36}, "SGD": {"Accuracy": 74.3, "Precision": 74.3, "Recall": 74.3, "F1 Score": 74.3}}